INSERT INTO dashboard_station (id, name, resource_unit_id, resource_unit_name, region, longitude, latitude, address, capacity_kwp) VALUES
('PV-001', '深圳港科园区光伏电站', 'RU-001', '华南园区虚拟电厂', '华南园区', 113.9489, 22.5408, '深圳港科生态园 8 栋屋面', 2500.00),
('PV-002', '松山湖智造园光伏电站', 'RU-001', '华南园区虚拟电厂', '华南园区', 113.8854, 22.9192, '松山湖智造园 A 区厂房屋顶', 6200.00),
('PV-003', '武汉物流基地光伏电站', 'RU-002', '华中物流虚拟电厂', '华中园区', 114.3066, 30.5928, '武汉东西湖物流园 2 号仓屋顶', 4800.00),
('PV-004', '合肥研发中心光伏电站', 'RU-003', '华东研发虚拟电厂', '华东园区', 117.2272, 31.8206, '合肥研发中心 C 区车棚', 1800.00),
('PV-005', '天津港储能园光伏电站', 'RU-004', '华北储能虚拟电厂', '华北园区', 117.3616, 39.3434, '天津港储能园区堆场车棚', 3200.00),
('PV-006', '成都西部基地光伏电站', 'RU-005', '西南基地虚拟电厂', '西南园区', 104.0668, 30.5728, '成都西部基地生产楼及连廊', 5400.00);

INSERT INTO dashboard_station_status_snapshot (station_id, status, realtime_power_kw, today_energy_kwh, today_revenue_cny, availability, health_grade, snapshot_time) VALUES
('PV-001', 'normal', 1823.00, 8432.00, 3372.80, 99.20, 'A', '2026-03-30 09:30:00'),
('PV-002', 'warning', 3986.00, 20840.00, 8336.00, 98.10, 'A-', '2026-03-30 09:30:00'),
('PV-003', 'fault', 2156.00, 13542.00, 5416.80, 95.70, 'B', '2026-03-30 09:30:00'),
('PV-004', 'maintenance', 684.00, 2958.00, 1183.20, 92.40, 'B+', '2026-03-30 09:30:00'),
('PV-005', 'offline', 0.00, 1180.00, 472.00, 81.10, 'C', '2026-03-30 09:30:00'),
('PV-006', 'normal', 3618.00, 17924.00, 7169.60, 98.70, 'A', '2026-03-30 09:30:00');

INSERT INTO dashboard_alarm_snapshot (id, station_id, event_time, level, level_label, device_name, alarm_type, description, status, owner, suggestion) VALUES
('ALM-20260330-001', 'PV-003', '2026-03-30 14:32:00', 'critical', '紧急', '逆变器 INV-03', 'dc-over-voltage', '直流侧过压告警，需立即复核组串电压与断路器状态。', '未处理', '华中运维一组', '建议 15 分钟内派单复核，并同步检查同列逆变器。'),
('ALM-20260330-002', 'PV-002', '2026-03-30 14:18:00', 'major', '重要', '箱变 T1', 'transformer-high-temp', '箱变高压侧温升超过基线 8.6℃。', '处理中', '华南运维中心', '核查散热风道和负载分配，必要时切换低谷窗口检修。'),
('ALM-20260330-003', 'PV-001', '2026-03-30 13:57:00', 'minor', '一般', '汇流箱 HB-07', 'low-current', '支路电流偏低，疑似积灰或遮挡。', '待确认', '华南运维中心', '安排现场清扫，并对该支路做 IV 曲线复测。'),
('ALM-20260330-004', 'PV-006', '2026-03-30 13:40:00', 'hint', '提示', '气象站 WS-02', 'data-delay', '天气采样上报延迟 90 秒，已自动补采。', '未处理', '平台值班', '观察网络抖动是否持续，无需立即派单。'),
('ALM-20260330-005', 'PV-005', '2026-03-30 13:12:00', 'major', '重要', '采集器 DTU-11', 'communication-lost', '采集器离线超过 15 分钟，关联设备数据中断。', '未处理', '华北运维组', '优先检查交换机和 4G 备链路，恢复后补传离线数据。');

INSERT INTO dashboard_vpp_node_snapshot (node_id, total_capacity_mw, adjustable_min_mw, adjustable_max_mw, last_heartbeat) VALUES
('VPP-NODE-001', 23.90, -5.20, 8.60, '2026-03-30 09:30:00');
